edrpou_hosp,legal_entity_lat,legal_entity_lng
01982264,49.211831,28.44199
01982488,49.07693882,27.68346628
01982494,48.36394089,29.51056478
01982502,49.23516928,28.41473579
01982525,49.060833,28.11917
01982554,49.4559744,28.5117364
01982560,49.23216012,28.4921834
01982591,48.45797183,27.77135047
01982614,48.97397731,28.84526569
01982643,48.659531,29.75402
01982666,48.51712671,29.24126219
01982695,49.54440739,27.94350477
02011031,49.229835,28.45085
03082760,49.23993118,28.41033191
05484126,49.23634732,28.41400293
05484215,49.473858,29.26754
05484445,49.235917,28.41132
05484451,49.239396,28.49527
07816153,49.220265,28.456245
08734457,49.253828,28.45379
33868196,48.76288651,28.06904618
34004453,49.25005321,28.47683918
35814729,49.71328429,28.83413007
36205651,48.81234943,29.3906259
37580028,"48,458198","27,772140"
41253686,49.0119159,29.4406163
41758238,48.67913113,29.22762567
41783594,"49,721533","28,837261"
Самоізоляція,,
01982896,50.49662819,24.7614707
01982904,50.63331387,24.34917332
01982910,50.90971878,25.28230421
01982927,51.76090621,25.5037643
01982940,51.21369977,24.71282098
01982985,50.75719293,25.37531723
01982991,51.66970902,24.52494018
01983016,50.72480088,24.1715902
01983051,51.63089973,24.95188611
01983134,50.76869919,25.38786268
01983163,50.75762543,25.34423542
01983186,51.28561678,25.53545378
03398983,50.74962062,25.31104749
03399089,50.75749481,25.34126252
37271416,51.24425753,24.03574422
38856054,50.85847112,24.31781352
42631325,50.85847112,24.31781352
01111701,"48,325338","35,531285"
01111977,47.90999,33.47076
01984004,48.423725,35.13017
01984174,48.49901969,35.92611371
01984441,48.515698,35.08484
01984624,48.440916,35.02327
01984659,48.46221803,35.00395412
01985127,48.460038,34.97044
01985191,48.455364,35.06954
01985423,48.45386788,35.06955933
01985995,48.14384919,33.58653111
01986003,48.058666,33.48975
01986115,47.90316907,33.38895403
01986546,47.904136,33.38316
01987273,48.63690304,35.2533627
01989160,48.320895,35.50554
01989450,47.813265,34.7492
03296202,48.53276781,35.06516289
05411245,48.511982,34.57929
08805223,48.447368,35.05122
25771721,48.20302302,34.87925991
26238302,47.57452741,34.38387808
37837203,"47,5803561","34,3370229"
01989763,47.612409,37.48672
01990217,48.59106,37.9994
01990660,47.11576829,37.54793587
01990810,48.742532,37.59616
03096940,48.49935308,37.68697221
05493094,47.984817,37.26596
31338129,48.26880657,37.27641982
43522608,47.058347600000005,37.4937159
01991576,50.30209817,27.67801247
01991599,49.945765,28.46184
01991607,50.59668251,28.43565181
01991613,50.14905717,27.9272688
01991671,50.10793423,28.53100543
01991731,50.31375992,29.05710849
01991754,49.933216,27.74324278
01991783,50.77447139,29.21996901
01991820,50.58626847,27.60582411
01991872,51.21526558,27.64081111
01991903,50.49652823,29.23373688
01991932,49.7233578,29.20961087
01991949,50.469223,28.26093
01991955,50.45873089,28.67783258
01991961,50.0566152,28.12746862
01992015,49.90198353,28.58710238
01992050,50.95400802,28.65445601
02774119,50.23053553,28.68719071
03881478,50.276713,29.52095
08734196,50.260295,28.70603
40953405,"50,109541","28,532473"
42435766,51.33296729,28.80617488
42779217,50.25230668,28.67549947
42788614,50.2435584,28.68535728
42789136,50.28109408,28.61073189
01992156,48.61937108,22.29158297
01992268,48.43589739,22.7278081
01992430,48.20045099,22.6505829
01992506,48.13796569,23.01962671
01992529,48.71518292,23.17925683
01992587,48.30354531,23.03938151
01992624,48.05464902,24.2069524
01992653,48.54747352,22.99471328
01992682,48.00742431,23.56749817
01992819,48.63937822,22.28111829
01992831,48.44195503,22.72724133
08047588,48.4324977,22.710745199999998
08734492,48.636552,22.27909
26098930,48.6359485,22.30958613
26464978,48.63811801,22.28296318
34835224,"48,6380525","22,2801047"
38802040,48.637745,22.28118003
40835473,48.6003275,22.286368600000003
43218512,48.52270101,23.50436399
43221703,48.16175708,23.2996315
01992972,47.48197159,36.24779769
02005131,47.38736022,35.01334188
02006716,47.783627,35.24302
05395687,47.875159,35.05791
05498648,47.827646,35.20368
05498683,47.839898,35.11707
05498720,46.86580902,35.39582833
05498849,47.83937389,35.1117233
08734500,47.83776,35.14509
20498781,47.7804102,35.229097700000004
35535544,47.789548100000005,35.1717994
39029713,46.76097488,36.78688449
41477873,47.25571333,35.70874081
41955911,47.02087417,34.91176789
01984263,49.8328963,24.05019607
01993150,48.939347,24.68558
01993256,48.906985,24.71169
01993279,48.916037,24.70457
01993291,48.93880667,24.71933318
01993305,48.915306,24.69655
01993322,48.91243,24.70451
01993351,48.81156208,24.5444549
01993397,49.185657,24.73758
01993405,49.120027,24.73714
01993428,48.66444213,25.49197298
01993440,49.063692,23.84151
01993457,48.9723881,23.99236552
01993470,48.867336,24.61329
01993486,48.900068,24.84754
01993500,48.733807,24.85687
01993534,48.399721,24.93778
01993546,48.32044747,25.1102829
01993552,48.45031688,24.55095881
01993575,48.63107683,24.56030159
01993581,49.414005,24.60307
01993598,48.815382,24.18468
01993612,48.93395518,24.14787499
01993629,48.46860352,25.28490982
01993635,48.45119011,25.55133728
01993658,48.8703,24.99412
02009637,48.911817,24.70794
08734204,48.915796,24.70737
20551995,48.9158209,24.7049671
24687786,48.91609482,24.70575907
25064231,48.262966799999994,25.173828600000004
25068128,49.249228,24.62793
25596594,48.5240953,25.05586043
25790167,49.0434835,24.784171399999998
31575286,48.5368372,25.04535753
33271905,49.01953723,24.35284238
33578224,49.039302299999996,24.427422699999997
41839285,48.9930431,24.1843913
42097233,"49,184873","24,738970"
01987758,48.22144222,36.01325328
01994155,50.131441,30.65935
01994161,50.06428088,31.44084952
01994190,49.736089,29.66781
01994209,49.388636,30.17238
01994238,50.173449,30.1038
01994385,50.20137822,30.31249427
01994416,49.86291758,30.8231225
01994422,50.27067352,31.76379199
01994451,50.31867779,30.29485029
01994497,50.51093101,30.76494227
01994592,49.81813782,30.1214136
01994669,50.33096378,30.27641061
05496845,"50,473007","30,495598"
22201472,50.3944886,30.3796376
26191575,50.52509323,30.23623379
34019061,49.7907398,30.126352500000003
00185028,50.45042402,30.37829739
01994095,50.43936928,30.52706671
04350694,50.54259849,30.48940261
05492261,50.474838,30.4664
05496796,50.4202461,30.38401157
07773293,50.43038318,30.53131401
25680355,50.43590982,30.4125851
25680639,50.4142796,30.541990600000002
30212155,50.4243125,30.48234101
38806904,50.4629826,30.470882899999996
01994942,48.50547429,32.21933442
01995083,49.057638,33.24039
01995137,48.379967,30.44735
01995203,48.50635898,31.74191241
05493846,48.51479281,32.23900402
05493852,48.54205,32.26022
01983571,49.3790765,40.1375118
01983588,48.96594861,38.99532822
01983683,49.02324378,38.3568495
01983714,49.27368528,38.9255483
05401658,48.91970221,38.4088461
08734470,48.958299,38.50109
25356637,49.04222670000001,38.2176555
37336064,49.20577238,39.57027409
37747995,48.95890608,38.49004153
42974427,49.41548089,38.15688902
01107970,49.264977,23.84237
01984228,49.27645,23.52259
01984276,"49,841683","24,034723"
01984292,49.836681,24.05352
01996208,49.391497,24.13366
01996272,49.799864,24.89279
01996326,50.0971359,24.33878
01996409,50.055559,23.98073
01996504,49.674474,24.55279
01996606,49.801953,23.14703
01996622,49.846848,24.0312
01996639,49.874177,24.03962
01996645,49.83902,24.01115
01996651,49.835317,24.0338
01996668,49.832934,24.00586
01996674,"49,826541","24,073911"
01996711,49.838884,24.04602
01996728,49.84349337,24.04450578
01996740,49.816897,23.9904
01996958,49.25138661,23.83656623
01997248,50.46684718,24.28568599
01997372,49.041612,23.5184
01997633,49.963842,24.58872
01997645,49.81307159,24.05100451
01997863,49.786744,23.6486
01998035,49.716537,23.90712
01998101,50.279998,24.63664
01998147,49.78226851,24.09759998
01998161,49.82521429,24.13448422
01998226,50.085451,25.14956
05800293,"49,850539","24,043708"
13802089,49.266592,23.87411
13815703,49.361093,23.5034326
13821460,49.30272563,23.56347907
19163609,"49,353672","23,497186"
20761149,"49,809889","23,987084"
20763272,49.9138244,23.7376639
20763289,49.934062299999994,23.564493
20763591,49.2983115,23.4052672
20763929,"49,337511","24,106213"
20763941,50.2260935,23.6172155
20764294,49.5302201,23.980325600000004
20764314,49.4682092,24.14000483
20764478,50.219683,24.845844699999997
20851349,"49,844893","23,967720"
22398210,49.94151733,23.38842172
22421239,49.3531768,23.5474001
23957835,49.825814,23.967092
23970286,"49,790119","24,057583"
25232763,"49,797736","24,066198"
38501853,"49,840692","24,057327"
40221119,"49,585732","23,977538"
40626575,"49,786585","23,648341"
40855931,"49,801700","23,146981"
41045137,49.65732192,23.48239659
41151514,49.788371399999996,23.369379000000002
41180990,"49,748452","24,140268"
41851009,"49,757964","24,013312"
41894875,"49,643143","23,855295"
41900490,"50,395091","24,252053"
42224043,"49,254850","23,845344"
42310851,49.3978601,24.3096456
42428764,"49,519324","23,204058"
42877452,"49,629863","24,285693"
01994089,50.450109,30.48302
01998259,47.95823,30.32979
01998302,46.966732,32.79775
01998319,48.02473477,30.84148301
01998383,46.954976,31.9427
01998443,47.57435761,31.31573909
01998466,47.861601,30.59296
05483078,46.97367768,32.01833987
33850812,47.8176668,31.18266811
43443474,46.93657128,32.0356777
02002730,49.39854002,36.22512862
00184945,50.472586,30.6193
01981738,50.413816,30.66586
01993664,50.46244299,30.45860813
01993730,50.42398313,30.46109001
01993776,50.443348,30.50921
01993828,"50,451085","30,448336"
01993871,50.452473,30.51042
01994072,50.483988,30.47271
02011930,50.467498,30.47587
03319759,50.426956,30.52718
05415941,50.47371679,30.60280857
05415958,50.47723,30.60217
05493562,50.419964,30.49822
05494840,50.449961,30.35397
05496780,50.499464,30.44455
05497146,50.52346343,30.4637498
08735882,50.4595781,30.47847581
13697965,50.4510935,30.3619732
14321618,"50,369395","30,526643"
21522748,50.4163937,30.603768699999996
25680295,50.47056122,30.43848982
26168139,50.543276,30.35532
26199074,50.46492768,30.52168599
26267870,50.434239500000004,30.5287304
26387019,50.440321000000004,30.514122999999998
37027405,50.469645,30.47645
38196712,"50,450465","30,632863"
38831595,50.4738243,30.61742712
39007616,"50,447028","30,503975"
40032148,50.413816,30.66586
42751893,50.4788309,30.6043106
01111121,47.727765,29.55853
01982146,45.335744,28.85801
01982212,46.30158858,30.64101787
01998526,46.582025,30.78769
01998532,46.484771,30.69272
01998615,47.72295,29.96038
01998638,46.00705081,29.43409597
01998644,47.961323,29.6142
01998650,47.200012,30.89724
01998667,46.19108,30.34413
01998696,46.19042223,30.34259411
01998704,46.482519,30.21516
01998710,45.667222,28.61278
01998762,45.433045,29.27856
01998785,48.097462,29.12259
01998803,47.7388,29.55865
01998845,46.22229827,30.43462967
01998851,46.86191219,30.0741561
01998868,45.456976,28.27027
01998874,48.133524,30.08452
01998880,46.02339961,29.65781809
01998905,46.184562,29.14503
01998911,45.84096518,29.6080561
01998928,47.331036,29.7545
01998934,47.387847,30.19111
01998957,46.477003,30.73816
01998986,46.460923,30.67864
01999023,46.49454231,30.72262842
01999052,46.443953,30.70986
02007650,46.333575,29.97933
02008342,46.496005,30.69112
02774415,46.489301,30.69336
02774438,46.582868,30.78284
02774674,"46,477612","30,743669"
02775107,46.82811043,30.94398392
02775123,46.979008,30.46436
05446384,46.39595,30.74786
05446427,46.482111,30.72104
08199969,46.464149,30.752271
21001593,46.483511,30.734745
21008313,46.4330788,30.7409294
24765919,46.479885,30.701365
26418688,45.35019439,28.85019191
26470275,"46,583333","30,805312"
26472082,46.485846,"30,731109"
30514886,"46,472839","30,733343"
32120543,"46,539130","30,741564"
38096553,"46,980319","30,468541"
38156360,46.4800631,30.7013815
38534606,"45,840954","29,608059"
38574041,46.405646000000004,30.722237699999997
38822156,"47,200015","30,897237"
39040240,"46,573052","30,796997"
42483376,"45,350065","28,835124"
42489785,45.352211,28.8373028
02004002,46.709863,34.54979
26083704,46.67900119,32.5878743
01111581,49.581342,34.59211
01999218,50.37458653,33.9809153
01999265,49.81466281,34.54308149
01999276,50.206345,34.35155
01999359,50.358296,33.28219618
01999388,50.00215749,32.99182739
01999394,49.442981,34.8711
01999402,49.98261523,33.59449319
01999425,49.34119213,34.30558741
01999514,49.77958659,33.27109488
01999626,49.01394647,33.63879779
01999661,49.57635,34.56483502
05385571,49.09185901,33.44059298
41318879,49.09433272,33.44075151
01999796,51.33359861,26.59212881
01999810,51.00528468,26.7574302
01999833,50.36518762,26.51330349
01999842,51.26500143,27.2245744
01999891,50.42423431,25.32976742
01999907,50.89236498,26.44249857
02000010,50.61350098,26.2902935
02000085,50.60431668,26.26630798
02000105,50.51988079,26.23264842
02000270,50.6224045,27.15096621
02010422,50.331668,26.50718
33992414,51.33749057,25.848192
37624798,50.41084299,25.71754683
38407717,"50,875384","26,457147"
01110854,51.227546,33.12268
01981477,50.75455989,33.47570602
01981508,50.47475062,34.92207459
01981514,51.87168998,33.46730997
02000300,50.92720021,34.78700439
02000317,50.889946,34.83085
02000323,50.916084,34.81636
02000334,50.919531,34.8162
02000381,51.09754,34.14125
02007489,51.1448146,34.32794447
02007495,51.20617787,33.86144031
02007532,51.238955,33.20017397
02007549,51.53926059,33.36500398
02007555,50.664041,34.41237
05480996,50.727412,32.39126
08733899,50.902953,34.79602
14011007,50.89623079,34.77690022
02000435,49.44720029,24.93098209
02000493,48.80508462,26.05465852
02000530,48.981964,25.36901
02000547,49.06062318,25.41825837
02000582,49.073147,26.18317313
02000613,49.119671,25.89014
02000659,48.64760281,25.73102811
02000702,49.66119041,25.78969721
02000748,49.6659965,25.138935
02000754,49.804966,25.3852
02000783,49.425417,25.17596
02000792,49.43057362,25.15808268
02000866,50.00125678,25.50944057
02000984,49.53662987,26.14385021
02001015,49.29563349,25.68930718
02001185,49.01599939,25.78993632
02001216,50.11815292,26.11978698
02001274,49.554008,25.6408
02001297,49.5490157,25.59999773
02001311,49.554696,25.6121
02001328,49.522199,25.61451
02001334,49.551875,25.55502
04528442,49.55371939,25.61417798
05497361,49.553223,25.64682
35492401,49.554383200000004,25.589894100000002
36338715,49.09136019,25.17124159
38288860,"49,090474","25,167934"
42588170,49.523789,25.7547973
43188153,50.11615882,25.69389391
02002380,49.83014649,36.69464201
02002670,48.853729,36.55246
02002701,49.3739091,35.44257878
02002718,50.0714592,35.1625493
02002859,49.83710862,35.62829629
02002990,50.284994,36.94862
02003178,49.687647,36.33417
02003563,49.963984,36.28443
02003652,49.94351021,36.32229562
02003793,49.44354969,36.8178892
02003899,50.163592,35.52624
07931813,50.010781,36.23662
40199749,49.21832417,36.5601287
02003913,46.82954257,33.40017278
02003971,46.17763248,34.81820413
02004025,46.81734538,33.4896326
02004108,46.75641863,33.35732038
02004172,50.01001218,26.4381532
02004189,49.03244747,27.2308414
02004195,49.53626722,26.2143861
02004216,49.16368502,26.578231
02004226,49.27134858,27.42248123
02004255,48.88491623,26.86209752
02004309,50.11560441,26.8083756
02004350,49.662007,26.99176
02004380,48.83668633,27.2723153
02004404,50.12016292,27.48803682
02004410,50.29236391,26.86857041
02004479,49.75862803,27.19935519
02004491,49.8431125,26.41146431
02004522,49.00733888,26.34722011
02004574,49.146071,26.86595
02004717,49.412023,27.00373
02004752,49.41200302,26.97605472
02004806,48.684526,26.58473229
02004812,50.18365268,27.04879132
02004829,48.67217192,26.6059099
08734575,49.425797,26.97063
38195551,"49,010903","26,340324"
38418088,"49,654220","26,978089"
40365451,50.3393963,26.656040899999997
40888750,"49,406808","26,985163"
02004841,49.200097,31.87885
02004953,49.41898679,32.0927181
02004976,49.41356639,32.05502091
02005026,49.226689,31.90712
02005036,48.75954908,30.22151382
02005266,49.6748,32.3096
02005289,49.076455,32.66313
02005303,49.671138,32.04346
02005310,49.732637,31.33241
02005326,49.752291,31.45659
02005378,49.241251,30.11253
02005384,49.090165,30.95325
02005390,48.979886,29.80533
02005409,49.252995,31.95804
02005415,49.256846,30.8234
02005421,48.966235,30.34849
02005467,48.634686,30.20788
02005484,49.380069,32.15606
02005585,49.464731,32.01348
02005639,49.46443,32.0133
03077871,49.466287,32.00627
05503705,49.413493,32.055
21368619,49.5237551,31.7450343
01110972,48.26453148,25.9247431
02005674,48.46233377,26.8302322
02005680,48.4311795,25.7611107
02005697,48.24695,25.19132
02005705,48.08985318,25.92882492
02005711,48.523354,25.8402
02005763,48.274272,25.94418
02005778,48.351342,25.95827
02005832,48.22158119,26.27189161
02005846,48.128539,25.49462
02005852,48.45217098,27.40707898
02005869,48.162699,25.7196571
02005875,48.50633509,26.49970738
05481412,48.281559,25.94031
07910219,48.279096,25.931956
08734606,48.26357,25.92618
41025351,48.1528158,26.2552239
43288621,48.2792882,25.94323861
43288841,48.2656166,25.9442857
43291042,48.29207867,25.93583673
43334908,48.2623095,25.925881399999998
43343870,48.25928820000001,25.92667
14233274,51.51722181,31.30957559
34549336,50.59797349,32.35102648
38073028,50.935694,31.575432
34002938,"50,472755","30,468493"
02000903,49.86074599,26.09860857
26479164,50.2817304,28.6109701
01994184,49.692938,30.48147
24880520,49.8026899,30.122919899999996
01999336,50.0771,34.74454
08733966,49.583727,34.52075
02003570,50.023731,36.24111
01991139,48.850035,37.59816
01991547,50.00115529,29.02961791
40475812,50.9496402,28.6233127
01995154,48.10617692,32.77844848
01995249,48.31005081,31.53512768
08733937,48.509152,32.22312
37324478,48.788179,31.64951
01983559,49.52965439,38.73299678
01999106,49.579855,34.55137
02000234,51.824874,26.12042281
01983944,48.487057,34.94973
01984636,48.465589,35.01566
14280931,"48,431619","35,001211"
01983594,49.53413659,39.12041951
41160010,"49,519317","23,204082"
14303264,"46,980932","32,022465"
05519480,50.895576,34.7778
43342788,48.2845326,25.973487699999996
40887956,"49,425988","26,984644"
01989585,48.95548283,34.46391052
01995309,48.332945,30.23436
01997297,49.440476,23.00106
20765006,49.5710051,22.7906719
02000263,50.12438213,25.25162461
01987416,48.349332,36.40736
05480826,47.056922,37.493188
01992825,48.625642,22.29323
02000961,49.428648,25.98194
08734581,49.471464,32.00433
42078561,50.76148722,25.380111
01983654,48.639822,38.39938
01983720,49.90638991,38.29376822
01111032,50.611702,26.22248
20003340,50.92019827,34.81632437
02003729,49.999254,36.2412
39183149,49.2365609,28.4134997
05408332,50.488983,31.77846
01998727,47.095804,29.84484
38502841,"49,586504","34,531841"
32329995,49.71836691,37.60664301
02003988,46.534796,32.53868
04542985,48.56802889,39.3103837
25637595,50.454853,30.620757
01994215,49.55799089,30.49933149
01982672,48.67485842,28.84152629
37734221,"48,636928","35,2532245"
02000441,49.268152,25.13073
05498708,47.846618,35.11192
01999201,49.789852,33.72272
35814781,"49,714955","28,831000"
01997030,49.143081,23.06324
01999307,49.15295551,34.18246822
01999804,51.424379,26.13496
05481091,49.4284241,26.9871445
37261811,49.06053621,28.12012177
01111227,48.720572,32.6574
01993842,50.412381,30.54317
01982726,48.24768588,28.27857281
01992877,46.8711157,35.3945886
20761112,49.831210799999994,23.9912083
38558716,"50,495630","24,758800"
38381474,49.969264,33.606330
36331552,48.55301503,28.5141118
37906491,"48,5189624","34,6123617"
01999678,49.567241,34.52431
02005355,49.289138,31.4477
01983789,48.954275,38.48095
22689195,49.9427564,36.3647037
01993032,46.70702148,35.1680849
05498660,47.884289,35.16853
02000168,50.7388607,26.04069969
02007517,51.67167691,33.92044903
05498694,47.876481,35.05407
01993747,50.426387,30.44938
01204360,49.578997,34.54585
01999939,50.61026619,26.25703743
01994698,50.45732618,29.81265511
02003534,49.94351021,36.32229562
05484161,49.235033,28.42935
01994921,48.50224,32.27681
01995077,48.665929,33.07493
01997461,49.510543,23.19781
02001305,49.55133,25.64205
01983814,46.63849,32.6168
01982815,50.728426,25.30113
01994617,49.81164847,30.07945028
05493838,48.67595503,33.12327302
01999684,50.049985,32.46951
38044086,"48,646072","25,731614"
01989881,47.050308,37.29794
01999224,49.373585,33.27737
01999494,49.607818,33.18303
36897937,50.876991,34.814305299999994
42244782,"49,248849","24,627802"
05483138,46.973613,32.01963
01998839,47.538948,30.75284
02006455,50.59703,32.36588
02006544,51.50756867,31.33888028
01986256,47.977521,33.41943
38548802,"48,714925","23,178334"
01994132,50.3459735,30.94613601
01993701,50.4721263,30.46868889
26136949,"48,453801","35,069464"
39017488,48.47667,37.0826
02006707,47.896871,35.15629
01983677,49.52100388,39.56206651
01981520,51.94249478,33.77534737
01998360,46.85213,31.39489
01999460,50.25128662,32.50631251
38440115,"50,116263","25,692953"
05396876,46.662659,32.64842
01982933,50.742481,24.64578
01999595,"49,572733","34,579136"
01999655,49.58665591,34.52505218
39020574,"48,530104","25,038593"
01995114,48.239394,30.89288
38223007,"50,206392","34,351927"
02004367,49.3833199,27.62982682
02006277,50.90005991,31.12783532
01982844,50.823119,25.89085
01990654,47.10978099,37.63370699
01998294,47.299744,31.79801
22563423,50.6150143,26.2130874
02004060,46.116088,32.90995262
01529122,48.265737,25.92134
23889513,49.841330,24.018671
01204147,49.095432,33.43827
20535186,48.915306,24.696548999999997
08734463,50.753747,25.30779
38469768,"49,431767","32,087304"
02124976,50.50885701,30.51024811
01999879,50.50722111,25.60495071
42582687,49.717634000000004,37.608452
05484505,49.238033,29.04611
37862109,"47,909083","33,3436363"
01995255,48.952933,32.24195
01998420,47.625908,30.97955
02006834,51.815693,31.95333
24908721,46.829167,35.755278
01995172,48.253807,32.20726
42075445,"49,962655","33,608172"
22579288,50.397394399999996,25.760614
02006596,51.498293,31.28663
02774154,51.480735,31.26246
01982637,49.485101,29.24924
43020245,50.735697200000004,25.296297600000003
42043319,"48,1112964","23,5857287"
38503179,"49,566901","34,499699"
01999788,51.59920239,26.57086958
02000398,50.583938,34.48784
40992732,"51,539115","33,365364"
42088653,"50,476851","34,971620"
01986351,47.688986,33.16169
22331468,49.8735761,24.034825
02006343,51.53113358,32.22809318
38485788,"51,676892","24,545719"
02010669,49.227652,28.44558
01992386,48.666398,22.75133
03067009,50.6134454,26.29239609
03115436,"49,212928","31,877062"
37336724,"48,973790","28,844636"
01983602,48.67984583,39.46725071
02006509,52.17931908,32.5696488
01983039,51.088393,24.52456
21751226,50.76183402,25.37879473
01993374,48.15545071,24.8116457
00191282,"49,006038","33,655758"
02000228,50.60545498,26.69127339
05484439,49.217391,28.43782
42724105,"50,723398","24,181050"
32504424,48.5060678,32.2632801
03188889,"49,741683","24,559785"
01983068,51.44089,24.43177
03069535,50.862137,26.04948
38575731,"50,889836","34,830418"
02006320,51.77378403,32.24964351
01993931,50.399861,30.51141
01994379,50.36793018,31.33793452
02005361,49.955652,32.13195
01982583,49.32931073,28.07241099
01985185,48.469718,35.18159
01987054,47.568808,34.38217
01991659,50.85590598,27.81607563
01992201,"48,623281","22,295102"
39469046,48.7382336,39.22867670000001
02006188,51.25925622,32.42082608
01982749,49.24961,28.47638
01985400,48.472576,35.18569
01991487,50.230702,28.67279
38503012,"49,578801","34,548129"
38487677,"49,758593","27,199539"
02006604,51.49776042,31.28164892
01986380,47.920388,33.43661
08734322,47.071541,37.48754
04528425,51.862628,33.48041
37899694,"48,477983","34,922999"
38816603,"49,120059","24,737964"
01994646,49.966772,31.07407
38610655,"50,605154","26,266484"
38194961,"49,071085","26,192104"
01993718,50.457086,30.50512
02003617,49.942758,36.15673
02774125,51.05323238,31.8906899
01994221,49.265248,30.59113
01998354,47.40795528,32.43568812
02009494,"49,301624","25,690270"
31437719,49.979648299999994,36.2871023
01989600,48.726744,34.63144
01991406,50.247639,28.67297
01994480,50.645867,29.92056
01982689,49.01321312,28.50364486
01990462,48.609403,37.51316
01990795,48.762722,37.59329
01991889,49.948372,29.44843
01982778,51.495934,23.91867
01998271,47.184889,31.52555
02003787,49.993785,36.24184
02004999,49.423134,32.02213
40196816,"47,938380","29,620930"
02006082,51.499664,31.27911
38527798,"50,749405","25,323738"
01985370,48.47081,35.03948
22039058,48.2045408,37.3368211
01998816,47.538786,29.46161
38644773,46.492238799999996,30.694612899999996
01986397,47.946552,33.43829
39176351,"48,922461","24,704367"
02012154,50.039936,36.24485
01995108,48.05702028,32.16124989
41935832,"49,860535","26,098969"
02006389,51.06161508,31.89566037
01111055,48.530255,25.05329
00994221,49.36339883,29.68415817
01998390,46.991326,31.93607
05384318,50.766608,25.38736
01999320,49.215469,33.850004
23824057,"50,893517","34,777262"
02000872,50.001066,25.51459
01986339,47.940685,33.41243
21696767,50.45437,30.3624
01990683,47.13819,37.59966
01990803,48.742879,37.59315
02004120,46.647638,32.60159
01984180,"47,903190","33,457794"
37894885,"48,981086","37,822739"
02006231,50.86662452,32.39648218
21084107,50.6031039,26.269152899999998
40769694,"48,298187","26,619394"
38453009,"48,287928","25,935526"
26508184,48.455363500000004,35.0695414
01994409,50.943308,29.90004
38257649,"49,867544","34,011971"
02005450,48.894604,30.68586
05496827,"50,450019","30,493780"
26553305,"49,014774","33,639061"
01985050,48.469015,35.01475
14307794,"47,822468","35,196328"
01993210,48.241511,24.58167
05540267,50.343837,30.4908
01981460,51.34018353,33.88222218
01986345,47.83552051,33.3485058
26137707,48.668803000000004,35.2746672
02011976,50.389592,30.48097
01992660,"48,545171","23,008973"
01994149,49.67707068,30.9798528
05498789,47.821183,35.03379
02001759,49.990505,36.24396
05481104,49.366001,27.22491
38799117,"50,912296","31,113702"
08734210,49.874015,24.01314
01999613,49.08430139,33.41141312
02003675,49.987777,36.28735
02006426,50.935268,31.57561
02007259,47.944671,33.42046
01994971,48.541395,32.25862
38284599,"48,890093","22,4599531"
38839154,"48,6380525","22,2801047"
01995315,47.945816,32.54303
40304273,"50,604941","26,271351"
02006194,50.4886808,32.72115477
01993262,49.10516,24.573
01995143,48.39456283,31.17526013
01999299,49.45283999,35.1363051
01999537,49.70323358,35.14543498
02002339,50.302688,36.39835
01985825,48.508546,34.64844
01990418,48.390113,37.84666
42378525,48.507588,32.262222
03338126,50.94386759,34.76079651
01986173,47.908274,33.35032
37463503,"48,5299647","36,0780258"
37861807,"47,8855026","33,3899067"
42510481,"48,81121","24,543885"
25436721,48.11442529999999,23.7657248
01993368,48.705803,24.42338
40532571,50.449123,30.589692
02003770,49.960776,36.26013
02009873,46.649623,32.62831
02004947,49.463488,32.02322
22092126,48.194016299999994,23.892798100000004
38637071,"50,606280","26,685609"
37862122,"47,688986","33,1616878"
02004137,46.677528,32.58177
26482717,"49,041445","24,353985"
01985794,48.526316,34.60502
38503159,"49,572702","34,579096"
02006171,50.7371193,31.3857093
05415792,50.36191,30.48576
38182296,"48,054534","24,207190"
20652130,48.663534000000006,33.114627899999995
05389534,50.435930,30.412617
37916782,"48,7131377","22,5959178"
41136847,"48,6146302","22,2928637"
41736008,51.5233421,30.7530701
01996869,50.389174,24.24815
01994008,50.545534,30.48829
02000205,50.612552,26.22085
02004083,46.61919854,32.72217367
41838805,49.414830,24.606249
26376820,50.755153,33.479162
03098229,47.111693,37.5146
37359909,50.441531,30.355536
01995120,48.521534,32.2147
01999342,48.984442,33.52207
03293617,50.284994,36.94862
36121268,50.621632700000006,26.253591200000002
13544322,50.340531,29.08699
42096899,48.532996,24.624544
42108962,"50,242811","24,138353"
02006478,51.800396309999996,31.08269211
03398888,50.749482,25.28773
01994505,49.525327,29.93003
04543536,48.41822208,35.05453833
01994391,50.58182809,30.47679468
02006403,52.00176668,33.27537777
36721693,"47,9806452","33,5298817"
42788415,50.258663,28.658131
01998489,46.858283,32.01683
01982885,50.360947,25.10574
01995226,48.65872197,30.78707638
01983766,46.646033,32.61031
02005332,48.944271,30.9921
38487834,"50,7370175","31,3831451"
01994126,49.535716,30.86604
02002687,49.196409,35.24493
39048956,"48,2590892","23,3756777"
02006722,47.8607655,35.00919161
01998348,47.910336,31.31604
01998472,47.697303,31.8522
02011893,50.421182,30.45608
32190584,46.379785,30.741033
02004048,47.496463,33.91542
26464748,48.6345942,22.3062701
33583287,47.9627201,24.0187122
42081160,"49,292640","31,456103"
01982531,49.115688,29.19603
08160677,49.839280,24.043499
05446404,45.398335,29.5937
14280960,48.33609071,33.48627133
42594137,47.49740912,34.65765781
01999543,49.875357,34.00563
02003965,47.452223,33.68829
05540652,48.75742,30.2227
02006538,50.83722201,33.14083302
39089416,"50,866891","32,39637"
42061427,46.848505,30.078027
08456231,48.940202,24.152512
01999477,49.577154,34.44034
01998265,46.623086,31.53031
02003511,49.97819,36.3306
01989668,47.683805,33.26682
38817151,48.351219,29.84951
13366151,51.195039,24.683699
34623435,"48,938375","24,687635"
01999483,49.56066799,34.06163928
33065358,50.268804,35.98137
01991429,49.891078,28.59184
02000719,49.734791,25.67969
41713679,50.46832,30.4684
01987402,48.530176,35.86898
37677106,"48,6547302","34,340172"
42080984,"48,7359203","22,4723243"
35369124,50.473838,30.617427
02007472,50.31129882,34.88890561
02012094,46.45433,30.76242
01989839,48.98135024,37.82120228
02003669,50.00334541,36.2487212
02003942,47.31380097,33.27799125
42318513,"48,4045786","35,2793151"
32109302,50.1711953,30.726456699999996
02003959,47.241477,34.36001
41769166,"48,1377254","23,017777"
25065503,48.9166058,24.7331532
08734026,49.980276,36.247073
02004151,46.69826,32.58461
42096837,48.5259113,24.6306688
20635255,48.505661,32.262811
05506690,50.743614,26.00745
38453281,"51,2597484","32,4202843"
02007101,49.815284,24.04789
02005496,48.974171,31.40002
37735655,"48,5137772","35,8842629"
03073502,48.505253,32.21331
01999721,50.038867,32.47613
01987563,47.65362019,34.11722651
01992953,47.56644057,35.7862955
01992995,47.190993,36.21975
36148117,50.4421148,30.184056199999997
24920550,50.4715921,30.4693951
01995219,48.355571,32.64973
05415786,50.422836,30.55104
02001050,49.394874,25.60352
42486365,50.7247746,24.1715688
01992989,46.72414318,36.35845249
02000501,48.60611111,26.18194438
